sname,cname,NumCurrElaBenchmark,PctElaBenchmark,NumCurrMathBenchmark,PctMathBenchmark,TotNumBothBenchmark,PctBothBenchmark
Envision Academy for Arts & Technology,Alameda,44,50.00,19,21.59,16,18.18
Alameda Science and Technology Institute,Alameda,42,97.67,41,95.35,41,95.35
Nea Community Learning Center,Alameda,14,73.68,7,36.84,7,36.84
Alameda High,Alameda,277,89.97,241,78.32,239,77.35
Alameda Community Learning Center,Alameda,26,78.79,24,72.73,24,72.73
Alternatives in Action,Alameda,2,11.76,1,5.88,1,5.88
Albany High,Alameda,156,93.98,148,89.16,146,87.95
REALM Charter High,Alameda,22,48.89,13,28.89,11,24.44
Berkeley High,Alameda,355,88.12,284,70.54,282,69.80
Castro Valley High,Alameda,425,92.19,360,78.09,352,76.36
Emery Secondary,Alameda,13,52.00,6,24.00,6,24.00
American High,Alameda,336,97.13,314,90.83,312,89.40
Irvington High,Alameda,406,94.95,392,91.74,390,89.45
John F. Kennedy High,Alameda,152,80.00,113,59.47,109,57.37
Mission San Jose High,Alameda,407,99.53,401,98.14,420,97.90
Washington High,Alameda,283,94.65,238,79.60,235,78.60
Leadership Public Schools - Hayward,Alameda,94,69.63,66,48.89,63,46.67
Impact Academy of Arts & Technology,Alameda,54,51.92,33,31.73,31,29.81
Hayward High,Alameda,114,65.52,67,38.51,61,35.06
Mt. Eden High,Alameda,141,69.80,91,45.05,85,42.08
Tennyson High,Alameda,60,63.83,40,42.55,38,40.43
Granada High,Alameda,262,91.29,231,80.49,220,76.66
Livermore High,Alameda,218,94.37,175,75.76,175,75.76
Newark Memorial High,Alameda,167,82.27,107,52.71,102,50.25
James Logan High,Alameda,409,84.89,319,66.25,310,64.18
Oakland Unity High,Alameda,19,32.76,15,25.86,11,18.97
MetWest High,Alameda,24,54.55,7,15.91,7,15.91
Bay Area Technology,Alameda,13,48.15,6,22.22,6,22.22
Lighthouse Community Charter High,Alameda,34,62.96,24,44.44,20,37.04
McClymonds High,Alameda,16,22.86,2,2.86,2,2.86
American Indian Public High,Alameda,59,83.10,59,83.10,53,74.65
Coliseum College Prep Academy,Alameda,22,36.67,13,21.67,9,15.00
Oakland Charter High,Alameda,90,81.82,83,75.45,77,70.00
ARISE High,Alameda,19,35.85,9,16.98,8,15.09
Oakland International High,Alameda,6,13.95,4,9.30,1,2.33
Aspire Golden State College Preparatory Academy,Alameda,29,69.05,16,38.10,16,38.10
Ralph J. Bunche High,Alameda,2,11.11,1,5.56,1,5.56
Castlemont High,Alameda,9,10.47,3,3.49,2,2.33
Fremont High,Alameda,24,19.67,6,4.92,3,2.46
LPS Oakland R & D Campus,Alameda,19,36.54,11,21.15,10,19.23
Street Academy (Alternative),Alameda,3,15.00,1,5.00,1,5.00
LIFE Academy,Alameda,19,29.23,6,9.23,4,6.15
"Oakland Military Institute, College Preparatory Ac",Alameda,44,53.01,24,28.92,22,26.51
Aspire Lionel Wilson College Preparatory Academy,Alameda,17,70.83,10,41.67,10,41.67
Conservatory of Vocal/Instrumental Arts High,Alameda,11,73.33,10,66.67,9,60.00
Oakland High,Alameda,128,44.44,65,22.57,54,18.75
Oakland Technical High,Alameda,307,75.06,218,53.30,209,51.10
Skyline High,Alameda,159,44.66,80,22.47,74,20.79
Oakland School for the Arts,Alameda,66,88.00,34,45.33,34,45.33
Madison Park Academy 6-12,Alameda,28,34.15,12,14.63,9,10.98
"Independent Study, Sojourner Truth",Alameda,9,47.37,2,10.53,2,10.53
Piedmont High,Alameda,122,98.39,114,91.94,113,91.13
San Leandro High,Alameda,245,68.44,154,43.02,142,39.66
KIPP King Collegiate High,Alameda,75,77.32,54,55.67,50,51.55
Arroyo High,Alameda,177,80.09,143,64.71,134,60.63
San Lorenzo High,Alameda,70,50.36,47,33.81,37,26.62
Dublin High,Alameda,422,81.07,347,66.73,336,64.24
Foothill High,Alameda,332,95.73,306,88.32,307,87.46
Amador Valley High,Alameda,455,97.45,431,92.36,429,91.08
Amador High,Amador,37,92.50,33,82.50,33,82.50
Argonaut High,Amador,42,87.50,27,56.25,26,54.17
CORE Butte Charter,Butte,20,90.91,17,77.27,16,72.73
Inspire School of Arts and Sciences,Butte,38,88.37,31,72.09,30,69.77
Chico High,Butte,157,87.22,134,74.44,129,71.67
Pleasant Valley High,Butte,155,90.17,140,81.50,135,78.03
Durham High,Butte,30,83.33,15,41.67,13,36.11
Las Plumas High,Butte,42,80.77,28,53.85,26,50.00
Oroville High,Butte,34,77.27,26,59.09,25,56.82
Paradise Senior High,Butte,44,86.27,40,78.43,39,76.47
Gridley High,Butte,36,90.00,31,77.50,28,70.00
Bret Harte Union High,Calaveras,57,90.48,47,74.60,45,71.43
Calaveras High,Calaveras,71,82.56,60,69.77,57,66.28
Colusa High,Colusa,29,69.05,24,57.14,22,52.38
Pierce High,Colusa,20,55.56,14,38.89,13,36.11
Williams Junior/Senior High,Colusa,17,43.59,6,15.38,5,12.82
Making Waves Academy,Contra Costa,39,54.17,29,40.28,24,33.33
Clayton Valley Charter High,Contra Costa,254,91.70,185,66.79,178,64.26
Acalanes High,Contra Costa,202,96.21,192,91.47,191,90.52
Campolindo High,Contra Costa,144,95.39,136,90.13,137,90.13
Las Lomas High,Contra Costa,200,95.24,180,85.71,177,84.29
Miramonte High,Contra Costa,180,97.31,167,90.32,167,89.78
Dozier-Libbey Medical High,Contra Costa,63,85.14,39,52.70,38,51.35
Deer Valley High,Contra Costa,194,79.18,126,51.43,124,50.61
Antioch High,Contra Costa,61,62.89,37,38.14,34,35.05
John Swett High,Contra Costa,32,57.14,31,55.36,26,46.43
Heritage High,Contra Costa,322,90.20,219,61.34,213,59.66
Freedom High,Contra Costa,212,74.65,108,38.03,105,36.97
Liberty High,Contra Costa,228,82.91,150,54.55,145,52.73
Alhambra Senior High,Contra Costa,107,84.92,94,74.60,89,70.63
Northgate High,Contra Costa,167,94.38,151,85.39,148,83.15
College Park High,Contra Costa,233,89.96,198,76.45,190,73.36
Concord High,Contra Costa,121,78.06,76,49.03,74,47.74
Mt. Diablo High,Contra Costa,58,54.21,34,31.78,32,29.91
Ygnacio Valley High,Contra Costa,51,59.30,25,29.07,23,26.74
Pittsburg Senior High,Contra Costa,210,63.44,104,31.42,93,28.10
Leadership Public Schools: Richmond,Contra Costa,51,41.80,29,23.77,21,17.21
John Henry High,Contra Costa,15,53.57,9,32.14,9,32.14
Middle College High,Contra Costa,64,88.89,42,58.33,42,58.33
Vista High (Alternative),Contra Costa,12,44.44,3,11.11,3,11.11
Hercules High,Contra Costa,138,64.49,83,39.25,73,34.11
De Anza High,Contra Costa,114,38.64,37,12.54,36,12.20
El Cerrito High,Contra Costa,150,56.39,114,42.86,105,39.47
John F. Kennedy High,Contra Costa,37,23.42,9,5.70,8,5.06
Pinole Valley High,Contra Costa,120,46.88,63,24.61,59,23.05
Richmond High,Contra Costa,79,30.38,28,10.77,24,9.23
Dougherty Valley High,Contra Costa,576,97.70,546,92.78,560,91.95
California High,Contra Costa,412,94.75,385,88.58,379,86.53
Monte Vista High,Contra Costa,325,97.01,292,87.16,288,85.97
San Ramon Valley High,Contra Costa,232,96.28,207,85.95,206,85.12
Del Norte High,Del Norte,56,77.78,42,58.33,39,54.17
Charter Community School Home Study Academy,El Dorado,14,93.33,9,60.00,8,53.33
Oak Ridge High,El Dorado,368,93.40,334,84.77,327,82.99
Union Mine High,El Dorado,74,89.16,65,78.31,61,73.49
El Dorado High,El Dorado,92,85.98,80,74.77,75,70.09
Ponderosa High,El Dorado,165,90.27,160,87.57,151,81.62
South Tahoe High,El Dorado,89,85.71,72,69.52,70,66.67
Golden Sierra Junior Senior High,El Dorado,28,93.33,22,73.33,21,70.00
Clovis North High,Fresno,333,90.00,280,75.68,271,73.24
Clovis Online Charter,Fresno,17,89.47,8,42.11,7,36.84
Clovis West High,Fresno,240,85.46,173,61.70,168,59.57
Buchanan High,Fresno,348,89.46,259,66.58,254,65.30
Clovis East High,Fresno,233,77.41,145,48.17,138,45.85
Clovis High,Fresno,272,81.44,209,62.57,194,58.08
Coalinga High,Fresno,38,64.41,20,33.90,16,27.12
Fowler High,Fresno,61,54.95,24,21.62,20,18.02
Design Science Middle College High,Fresno,43,70.49,33,54.10,30,49.18
University High,Fresno,100,99.03,88,86.41,88,85.44
Phillip J Patino School of Entrepreneurship,Fresno,48,57.83,23,27.71,19,22.89
Bullard High,Fresno,273,59.74,148,32.39,136,29.76
Erma Duncan Polytechnical High,Fresno,89,44.72,39,19.60,30,15.08
Sunnyside High,Fresno,208,39.62,82,15.62,66,12.57
Edison High,Fresno,343,65.90,203,39.08,198,37.93
Fresno High,Fresno,162,45.76,68,19.21,62,17.51
Herbert Hoover High,Fresno,143,44.69,69,21.56,58,18.13
McLane High,Fresno,64,24.52,21,8.05,13,4.98
Roosevelt High,Fresno,115,31.77,27,7.46,22,6.08
Kingsburg High,Fresno,92,73.02,73,57.94,69,54.76
Orange Cove High,Fresno,42,56.76,13,17.57,11,14.86
Reedley Middle College High,Fresno,18,72.00,9,36.00,8,32.00
Reedley High,Fresno,100,73.53,60,44.12,57,41.91
Parlier High,Fresno,29,28.43,15,14.71,11,10.78
Hallmark Charter,Fresno,12,70.59,7,41.18,7,41.18
Sanger High,Fresno,222,63.79,118,33.91,111,31.90
Selma High,Fresno,110,60.11,69,37.70,61,33.33
Firebaugh High,Fresno,35,42.17,9,10.84,8,9.64
Central High East Campus,Fresno,269,68.10,151,38.23,144,36.46
Kerman High,Fresno,113,65.70,49,28.49,45,26.16
Mendota High,Fresno,28,40.00,12,17.14,10,14.29
Tranquillity High,Fresno,17,36.17,7,14.89,7,14.89
Sierra High,Fresno,41,83.67,35,71.43,35,71.43
Riverdale High,Fresno,37,53.62,17,24.64,14,20.29
Caruthers High,Fresno,28,51.85,15,27.78,14,25.93
Washington High,Fresno,57,42.86,30,22.56,24,18.05
Willows High,Glenn,25,78.13,15,46.88,15,46.88
Orland High,Glenn,21,52.50,11,27.50,9,22.50
Hamilton High,Glenn,18,72.00,11,44.00,11,44.00
Pacific Coast High (Continuation),Humboldt,24,92.59,20,74.07,19,70.37
Arcata High,Humboldt,88,92.63,69,72.63,68,71.58
McKinleyville High,Humboldt,50,92.59,35,64.81,34,62.96
Academy of the Redwoods,Humboldt,16,84.21,15,78.95,15,78.95
Fortuna Union High,Humboldt,49,77.78,28,44.44,25,39.68
Hoopa Valley High,Humboldt,15,60.00,5,20.00,4,16.00
South Fork Junior - Senior High,Humboldt,17,80.95,14,66.67,14,66.67
Eureka Senior High,Humboldt,60,76.92,51,65.38,45,57.69
Brawley Union High,Imperial,104,67.10,60,38.71,57,36.77
Calexico High,Imperial,151,68.64,97,44.09,84,38.18
Calipatria High,Imperial,24,77.42,16,51.61,15,48.39
Southwest High,Imperial,159,77.56,106,51.71,101,49.27
Central Union High,Imperial,77,77.78,47,47.47,42,42.42
Holtville High,Imperial,34,65.38,18,34.62,17,32.69
Imperial High,Imperial,73,77.66,43,45.74,42,44.68
College Bridge Academy,Inyo,5,17.86,1,3.57,1,3.57
Bishop Union High,Inyo,42,79.25,29,54.72,27,50.94
Wonderful College Prep Academy,Kern,49,56.32,16,18.39,14,16.09
Cesar E. Chavez High,Kern,96,60.00,68,42.50,57,35.63
Robert F. Kennedy High,Kern,85,56.67,51,34.00,48,32.00
Delano High,Kern,98,60.12,51,31.29,46,28.22
Golden Valley High,Kern,113,52.07,62,28.57,55,25.35
Frontier High,Kern,227,84.39,168,62.45,164,60.97
Independence High,Kern,157,72.69,93,43.06,90,41.67
Mira Monte High,Kern,97,47.78,25,12.32,24,11.82
Arvin High,Kern,117,53.92,51,23.50,46,21.20
Stockdale High,Kern,255,85.62,202,67.89,197,65.89
Centennial High,Kern,201,84.45,158,66.39,148,62.18
Ridgeview High,Kern,163,62.21,91,34.73,86,32.82
Liberty High,Kern,178,77.39,142,61.74,132,57.39
Bakersfield High,Kern,126,67.38,100,53.48,91,48.66
East Bakersfield High,Kern,66,44.90,35,23.81,31,21.09
Foothill High,Kern,64,50.79,41,32.54,36,28.57
Highland High,Kern,138,68.66,87,43.28,85,42.29
Kern Valley High,Kern,17,90.00,12,60.00,12,60.00
North High,Kern,66,58.77,26,22.81,24,21.05
Shafter High,Kern,67,60.91,42,38.18,37,33.64
South High,Kern,119,48.97,75,30.86,68,27.98
West High,Kern,94,60.65,49,31.61,46,29.68
California City High,Kern,24,82.76,12,41.38,12,41.38
Desert Junior-Senior High,Kern,33,84.62,23,58.97,22,56.41
Rosamond High Early College Campus,Kern,27,71.05,14,36.84,14,36.84
Taft Union High,Kern,30,63.83,16,34.04,14,29.79
Tehachapi High,Kern,77,86.67,55,62.22,52,57.78
Wasco High,Kern,69,46.00,35,23.33,32,21.33
Burroughs High,Kern,99,90.00,75,68.18,74,67.27
McFarland High,Kern,50,37.31,21,15.67,20,14.93
Frazier Mountain High,Kern,18,78.26,10,43.48,10,43.48
Corcoran High,Kings,29,41.43,13,18.57,10,14.29
Sierra Pacific High,Kings,51,92.73,32,58.18,32,58.18
Hanford West High,Kings,70,64.81,49,45.37,45,41.67
Hanford High,Kings,56,64.37,35,40.23,31,35.63
Lemoore Middle College High,Kings,28,75.68,15,40.54,15,40.54
Lemoore High,Kings,90,73.77,63,51.64,59,48.36
Avenal High,Kings,31,33.70,16,17.39,14,15.22
Kelseyville High,Lake,43,67.19,22,34.38,20,31.25
Lower Lake High,Lake,23,63.89,7,19.44,7,19.44
Clear Lake High,Lake,25,78.13,25,78.13,22,68.75
Middletown High,Lake,27,81.82,15,45.45,14,42.42
Upper Lake High,Lake,16,64.00,6,24.00,6,24.00
Lassen High,Lassen,49,74.24,35,53.03,32,48.48
Los Angeles International Charter High,Los Angeles,18,45.00,5,12.50,5,12.50
Aspire Ollin University Preparatory Academy,Los Angeles,47,46.53,20,19.80,16,15.84
Magnolia Science Academy 3,Los Angeles,18,46.15,7,17.95,7,17.95
Magnolia Science Academy 2,Los Angeles,11,35.48,8,25.81,8,25.81
L.A. County High School for the Arts,Los Angeles,93,95.88,58,59.79,58,59.79
International Polytechnic High,Los Angeles,120,89.55,77,57.46,77,57.46
Magnolia Science Academy,Los Angeles,30,51.72,18,31.03,15,25.86
Cerritos High,Los Angeles,334,91.35,286,78.38,283,76.49
Artesia High,Los Angeles,120,70.59,80,47.06,72,42.35
Whitney (Gretchen) High,Los Angeles,136,98.55,136,98.55,135,97.83
Gahr (Richard) High,Los Angeles,229,71.74,160,50.00,152,47.20
William J. (Pete) Knight High,Los Angeles,152,55.07,73,26.45,65,23.55
Eastside High,Los Angeles,135,51.53,43,16.41,39,14.89
SOAR High (Students On Academic Rise),Los Angeles,84,90.32,69,74.19,67,72.04
Antelope Valley High,Los Angeles,49,45.37,23,21.30,18,16.67
Palmdale High,Los Angeles,103,47.91,31,14.42,26,12.09
Quartz Hill High,Los Angeles,241,80.40,143,47.84,141,46.84
Highland High,Los Angeles,168,65.12,87,33.72,84,32.56
Littlerock High,Los Angeles,67,58.26,25,21.74,25,21.74
Lancaster High,Los Angeles,169,71.61,81,34.32,80,33.90
Arcadia High,Los Angeles,597,94.32,569,89.91,557,87.85
Azusa High,Los Angeles,75,53.96,38,27.34,33,23.74
Gladstone High,Los Angeles,77,71.30,42,38.89,38,35.19
Opportunities For Learning - Baldwin Park II,Los Angeles,41,63.08,12,18.46,12,18.46
Baldwin Park High,Los Angeles,111,73.51,66,43.71,61,40.40
Sierra Vista High,Los Angeles,179,76.82,105,45.06,99,42.49
Opportunities for Learning - Baldwin Park,Los Angeles,71,59.02,26,21.31,24,19.67
Bassett Senior High,Los Angeles,78,54.17,55,38.19,49,34.03
Bellflower High,Los Angeles,92,74.19,58,46.77,54,43.55
Mayfair High,Los Angeles,164,74.89,105,47.95,99,45.21
Beverly Hills High,Los Angeles,207,95.41,185,85.32,184,84.40
Bonita High,Los Angeles,216,83.08,158,60.77,150,57.69
San Dimas High,Los Angeles,150,81.08,102,55.14,97,52.43
Burbank High,Los Angeles,269,86.77,224,72.26,216,69.68
Burroughs High,Los Angeles,309,89.31,255,73.70,244,70.52
Hawthorne High,Los Angeles,120,51.28,50,21.37,46,19.66
Lawndale High,Los Angeles,185,56.23,87,26.44,82,24.92
Leuzinger High,Los Angeles,136,55.74,69,28.28,64,26.23
Charter Oak High,Los Angeles,171,75.44,127,55.70,122,53.51
Claremont High,Los Angeles,352,88.53,284,71.57,281,70.07
Fairvalley High (Continuation),Los Angeles,5,7.25,0,0.00,0,0.00
Covina High,Los Angeles,140,45.16,80,25.81,71,22.90
Northview High,Los Angeles,143,41.94,75,21.99,66,19.35
South Hills High,Los Angeles,236,58.85,158,39.40,148,36.91
Culver City High,Los Angeles,258,88.66,162,55.67,160,54.98
Downey High,Los Angeles,389,69.46,228,40.71,214,38.21
Warren High,Los Angeles,382,74.32,236,45.91,218,42.41
Duarte High,Los Angeles,58,61.70,39,41.49,34,36.17
Arroyo High,Los Angeles,293,59.55,208,42.28,185,37.60
El Monte High,Los Angeles,171,42.43,106,26.30,90,22.33
Mountain View High,Los Angeles,125,46.64,55,20.52,46,17.16
Rosemead High,Los Angeles,266,69.09,207,53.77,192,49.87
South El Monte High,Los Angeles,137,47.74,73,25.44,67,23.34
El Rancho High,Los Angeles,253,63.73,159,40.05,149,37.53
El Segundo High,Los Angeles,161,95.83,131,77.98,131,77.98
Crescenta Valley High,Los Angeles,371,93.50,320,80.75,316,79.00
Glendale High,Los Angeles,163,75.93,139,64.81,127,58.80
Herbert Hoover High,Los Angeles,109,88.71,86,70.16,84,67.74
Anderson W. Clark Magnet High,Los Angeles,162,93.64,150,86.71,146,84.39
Glendora High,Los Angeles,362,89.38,313,77.28,299,73.83
Gorman Learning Center,Los Angeles,17,73.91,10,43.48,10,43.48
Hawthorne Math and Science Academy,Los Angeles,105,82.03,83,64.84,78,60.94
Inglewood High,Los Angeles,21,22.83,8,8.70,7,7.61
Morningside High School,Los Angeles,33,37.50,10,11.36,10,11.36
City Honors College Preparatory Academy,Los Angeles,40,54.05,18,24.32,15,20.27
Animo Inglewood Charter High,Los Angeles,83,69.17,55,45.83,45,37.50
La Canada High,Los Angeles,182,97.38,179,95.81,179,93.72
Agoura High,Los Angeles,257,96.28,221,82.90,221,82.16
Calabasas High,Los Angeles,219,94.44,175,75.64,177,75.64
Environmental Charter High,Los Angeles,62,52.99,33,28.21,30,25.64
"Lennox Mathematics, Science and Technology Academy",Los Angeles,87,65.41,47,35.34,44,33.08
Animo Leadership High,Los Angeles,83,56.85,46,31.51,39,26.71
"Ernest S. McBride, Sr. High",Los Angeles,133,78.24,81,47.65,77,45.29
Avalon K-12,Los Angeles,21,65.63,14,43.75,13,40.63
Jordan High,Los Angeles,173,26.49,64,9.80,55,8.42
Lakewood High,Los Angeles,418,64.41,245,37.75,235,36.21
Millikan High,Los Angeles,533,66.38,285,35.49,277,34.50
Polytechnic High,Los Angeles,549,62.81,384,43.94,367,41.99
Reid High,Los Angeles,8,10.81,0,0.00,0,0.00
Wilson High,Los Angeles,458,54.27,276,32.70,258,30.57
California Academy of Mathematics and Science,Los Angeles,160,100.00,157,98.13,157,98.13
Educational Partnership High,Los Angeles,23,23.47,7,7.14,6,6.12
Cabrillo High,Los Angeles,185,34.13,62,11.44,52,9.59
Renaissance High School for the Arts,Los Angeles,58,71.60,22,27.16,22,27.16
High Tech LA,Los Angeles,57,90.48,42,66.67,42,66.67
Wallis Annenberg High,Los Angeles,35,47.30,18,24.32,15,20.27
North Valley Military Institute College Preparator,Los Angeles,15,37.50,6,15.00,5,12.50
Central City Value,Los Angeles,53,46.49,27,23.68,23,20.18
ICEF View Park Preparatory Charter High,Los Angeles,45,36.29,13,10.48,13,10.48
Crenshaw Arts-Technology Charter High,Los Angeles,15,30.61,4,8.16,3,6.12
Oscar De La Hoya Animo Charter High,Los Angeles,51,40.16,21,16.54,18,14.17
Renaissance Arts Academy,Los Angeles,25,83.33,15,50.00,15,50.00
Animo South Los Angeles Charter,Los Angeles,42,38.18,8,7.27,7,6.36
New Designs Charter,Los Angeles,39,54.93,19,26.76,18,25.35
Middle College High,Los Angeles,55,72.37,21,27.63,20,26.32
Harbor Teacher Preparation Academy,Los Angeles,82,94.25,68,78.16,67,77.01
Ivy Academia,Los Angeles,21,67.74,4,12.90,4,12.90
Camino Nuevo Charter High,Los Angeles,33,37.93,10,11.49,9,10.34
Animo Venice Charter High,Los Angeles,75,50.68,42,28.38,35,23.65
Animo Pat Brown,Los Angeles,66,46.15,38,26.57,32,22.38
Alliance Gertz-Ressler Richard Merkin 6-12 Complex,Los Angeles,31,67.39,21,45.65,20,43.48
Orthopaedic Hospital,Los Angeles,86,57.72,59,39.60,52,34.90
Northridge Academy High,Los Angeles,78,62.90,34,27.42,32,25.81
International Studies Learning Center at Legacy Hi,Los Angeles,43,69.35,26,41.94,22,35.48
Port of Los Angeles High,Los Angeles,83,84.69,69,70.41,68,69.39
CHAMPS - Charter HS of Arts-Multimedia & Performin,Los Angeles,102,83.61,54,44.26,54,44.26
Alliance Judy Ivie Burton Technology Academy High,Los Angeles,58,42.34,21,15.33,17,12.41
Larchmont Charter,Los Angeles,48,78.69,33,54.10,30,49.18
Alliance Collins Family College-Ready High,Los Angeles,77,57.04,34,25.19,31,22.96
Santee Education Complex,Los Angeles,77,33.92,21,9.25,18,7.93
South East High,Los Angeles,195,53.13,74,20.16,69,18.80
Maywood Academy High,Los Angeles,44,33.08,17,12.78,14,10.53
Los Angeles Academy of Arts & Enterprise Charter,Los Angeles,12,28.57,5,11.90,4,9.52
Alliance Patti And Peter Neuwirth Leadership Acade,Los Angeles,67,45.27,38,25.68,35,23.65
Alliance Dr. Olga Mohan High,Los Angeles,66,56.41,44,37.61,35,29.91
Animo Ralph Bunche Charter High,Los Angeles,54,47.79,25,22.12,21,18.58
Animo Jackie Robinson High,Los Angeles,46,36.51,25,19.84,17,13.49
Animo Watts College Preparatory Academy,Los Angeles,37,33.33,16,14.41,13,11.71
Alliance Ouchi-O'Donovan 6-12 Complex,Los Angeles,59,48.36,30,24.59,28,22.95
Alliance Marc & Eva Stern Math and Science,Los Angeles,58,60.42,38,39.58,33,34.38
School of Business and Tourism at Contreras Learni,Los Angeles,27,37.50,15,20.83,13,18.06
East Valley Senior High,Los Angeles,25,44.64,10,17.86,9,16.07
Arleta High,Los Angeles,96,45.93,43,20.57,37,17.70
Panorama High,Los Angeles,69,40.83,32,18.93,24,14.20
Bright Star Secondary Charter Academy,Los Angeles,54,69.23,24,30.77,21,26.92
Contreras Learning Center-Los Angeles School of Gl,Los Angeles,18,39.13,8,17.39,8,17.39
West Adams Preparatory High,Los Angeles,58,31.69,29,15.85,23,12.57
Discovery Charter Preparatory School #2,Los Angeles,12,30.00,2,5.00,2,5.00
Alliance Morgan McKinzie High,Los Angeles,11,50.00,8,36.36,6,27.27
Edward R. Roybal Learning Center,Los Angeles,71,42.77,29,17.47,23,13.86
Helen Bernstein High,Los Angeles,26,38.81,9,13.43,8,11.94
APEX Academy,Los Angeles,15,29.41,2,3.92,2,3.92
Alliance Piera Barbaglia Shaheen Health Services A,Los Angeles,33,47.83,8,11.59,8,11.59
Alliance Leichtman-Levine Family Foundation Enviro,Los Angeles,76,59.84,43,33.86,39,30.71
Magnolia Science Academy 4,Los Angeles,9,52.94,1,5.88,1,5.88
Contreras Learning Center-Academic Leadership Comm,Los Angeles,28,35.00,10,12.50,7,8.75
Los Angeles High School of the Arts,Los Angeles,34,48.57,17,24.29,15,21.43
School for the Visual Arts and Humanities,Los Angeles,20,35.09,8,14.04,7,12.28
New Millennium Secondary,Los Angeles,12,42.86,4,14.29,4,14.29
Alain Leroy Locke College Preparatory Academy,Los Angeles,49,22.17,23,10.41,18,8.14
Sun Valley High,Los Angeles,20,27.40,4,5.48,4,5.48
New Open World Academy K-12,Los Angeles,29,43.94,11,16.67,11,16.67
UCLA Community K-12,Los Angeles,30,36.14,19,22.89,13,15.66
Ramon C. Cortines School of Visual and Performing ,Los Angeles,176,66.42,79,29.81,74,27.92
Felicitas and Gonzalo Mendez High,Los Angeles,87,47.03,40,21.62,35,18.92
New Designs Charter School-Watts,Los Angeles,8,21.05,0,0.00,0,0.00
Daniel Pearl Journalism & Communications Magnet,Los Angeles,39,68.42,24,42.11,24,42.11
Ambassador-Global Leadership,Los Angeles,35,50.72,18,26.09,16,23.19
Alliance Cindy and Bill Simon Technology Academy H,Los Angeles,25,24.51,6,5.88,5,4.90
Alliance Tennenbaum Family Technology High,Los Angeles,22,42.31,8,15.38,8,15.38
"Math, Science, & Technology Magnet Academy at Roos",Los Angeles,52,63.41,31,37.80,30,36.59
Esteban Torres East LA Performing Arts Magnet,Los Angeles,26,38.81,10,14.93,9,13.43
Humanitas Academy of Art and Technology at Esteban,Los Angeles,33,51.56,9,14.06,9,14.06
Social Justice Leadership Academy at Esteban E. To,Los Angeles,16,29.09,5,9.09,3,5.45
East Los Angeles Renaissance Academy at Esteban E.,Los Angeles,14,25.93,5,9.26,4,7.41
Engineering and Technology Academy at Esteban E. T,Los Angeles,16,34.78,10,21.74,5,10.87
PUC Lakeview Charter High,Los Angeles,74,60.16,34,27.64,30,24.39
Alliance Susan and Eric Smidt Technology High,Los Angeles,41,38.32,19,17.76,18,16.82
Alliance Ted K. Tajima High,Los Angeles,22,39.29,11,19.64,9,16.07
Valley Academy of Arts and Sciences,Los Angeles,114,67.06,48,28.24,46,27.06
Cesar E. Chavez Learning Academy - Arts/Theatre/En,Los Angeles,29,53.70,9,16.67,8,14.81
Cesar E. Chavez Learning Academies-Social Justice ,Los Angeles,48,44.86,24,22.43,20,18.69
Cesar E. Chavez Learning Academies-Academy of Scie,Los Angeles,41,56.94,12,16.67,10,13.89
Cesar E. Chavez Learning Academies-Technology Prep,Los Angeles,19,44.19,4,9.30,2,4.65
Los Angeles River at Sonia Sotomayor Learning Acad,Los Angeles,12,31.58,1,2.63,1,2.63
School of History and Dramatic Arts at Sonia Sotom,Los Angeles,13,24.53,3,5.66,3,5.66
Dr. Maya Angelou Community High,Los Angeles,26,25.74,7,6.93,6,5.94
Public Service Community at Diego Rivera Learning ,Los Angeles,39,37.14,12,11.43,10,9.52
Communication and Technology at Diego Rivera Learn,Los Angeles,20,26.67,5,6.67,3,4.00
Diego Rivera Learning Complex Green Design STEAM A,Los Angeles,11,31.43,6,17.14,5,14.29
Performing Arts Community at Diego Rivera Learning,Los Angeles,26,36.11,5,6.94,5,6.94
Rancho Dominguez Preparatory,Los Angeles,45,44.12,16,15.69,16,15.69
Synergy Quantum Academy,Los Angeles,32,40.00,16,20.00,12,15.00
Animo College Preparatory Academy,Los Angeles,28,26.67,11,10.48,6,5.71
Alliance Renee and Meyer Luskin Academy High,Los Angeles,49,45.79,27,25.23,19,17.76
PUC Early College Academy for Leaders and Scholars,Los Angeles,40,50.63,20,25.32,18,22.78
Alliance Margaret M. Bloomfield Technology Academy,Los Angeles,48,53.33,24,26.67,22,24.44
STEM Academy at Bernstein High,Los Angeles,68,55.28,41,33.33,37,30.08
Math and Science College Preparatory,Los Angeles,44,50.00,17,19.32,16,18.18
Hilda L. Solis Learning Academy School of Technolo,Los Angeles,12,34.29,6,17.14,6,17.14
Augustus F. Hawkins High A Critical Design and Gam,Los Angeles,13,18.57,5,7.14,5,7.14
Augustus F. Hawkins High B Community Health Advoca,Los Angeles,12,15.58,3,3.90,2,2.60
Augustus F. Hawkins High C Responsible Indigenous ,Los Angeles,13,20.00,2,3.08,1,1.54
Linda Esperanza Marquez High A Huntington Park Ins,Los Angeles,39,39.00,7,7.00,6,6.00
Linda Esperanza Marquez High B LIBRA Academy,Los Angeles,46,44.66,25,24.27,22,21.36
Linda Esperanza Marquez High C School of Social Ju,Los Angeles,38,55.88,16,23.53,16,23.53
"Science, Technology, Engineering, Arts and Mathema",Los Angeles,36,37.50,20,20.83,17,17.71
Visual and Performing Arts at Legacy High School C,Los Angeles,27,55.10,8,16.33,5,10.20
Academy for Multilingual Arts and Science at Mervy,Los Angeles,14,20.90,3,4.48,3,4.48
Academies of Education and Empowerment at Carson H,Los Angeles,54,48.21,25,22.32,23,20.54
Academy of Medical Arts at Carson High,Los Angeles,48,63.16,30,39.47,28,36.84
Humanities and Arts (HARTS) Academy of Los Angeles,Los Angeles,22,38.60,4,7.02,4,7.02
Contreras Learning Center-School of Social Justice,Los Angeles,30,37.50,14,17.50,11,13.75
Executive Preparatory Academy of Finance,Los Angeles,14,24.14,2,3.45,1,1.72
Pathways Community,Los Angeles,17,31.48,3,5.56,3,5.56
Valor Academy High,Los Angeles,41,47.67,13,15.12,12,13.95
Camino Nuevo High #2,Los Angeles,51,46.79,15,13.76,12,11.01
Boyle Heights STEM High,Los Angeles,12,54.55,3,13.64,3,13.64
NAVA College Preparatory Academy,Los Angeles,53,42.40,26,20.80,24,19.20
TEACH Tech Charter High,Los Angeles,14,36.84,4,10.53,3,7.89
Sylmar Biotech Health Academy,Los Angeles,14,30.43,3,6.52,2,4.35
Phineas Banning Senior High,Los Angeles,135,45.76,56,18.98,54,18.31
Bell Senior High,Los Angeles,262,55.96,135,28.72,127,27.02
Belmont Senior High,Los Angeles,50,39.37,18,14.17,16,12.60
Birmingham Community Charter High,Los Angeles,236,59.60,114,28.79,110,27.78
Canoga Park Senior High,Los Angeles,77,59.23,30,23.08,27,20.77
Carson Senior High,Los Angeles,102,52.85,48,24.87,43,22.28
Chatsworth Charter High,Los Angeles,168,76.36,98,44.55,95,43.18
Valley Alternative Magnet,Los Angeles,28,77.78,16,44.44,16,44.44
Grover Cleveland Charter High,Los Angeles,273,73.33,196,52.80,193,51.47
"Crenshaw Science, Technology, Engineering, Math an",Los Angeles,37,30.08,6,4.88,5,4.07
Susan Miller Dorsey Senior High,Los Angeles,34,25.19,8,5.93,6,4.44
Eagle Rock High,Los Angeles,254,78.88,159,49.38,155,48.14
El Camino Real Charter High,Los Angeles,441,89.11,358,72.38,346,69.76
Los Angeles Center for Enriched Studies,Los Angeles,160,93.57,136,79.53,132,77.19
Downtown Business High,Los Angeles,142,68.60,109,52.66,95,45.89
Fairfax Senior High,Los Angeles,221,75.51,158,54.08,153,52.04
John H. Francis Polytechnic,Los Angeles,242,55.25,164,37.44,137,31.28
King/Drew Medical Magnet High,Los Angeles,197,66.11,99,33.22,96,32.21
Benjamin Franklin Senior High,Los Angeles,139,60.70,89,38.86,82,35.81
John C. Fremont Senior High,Los Angeles,94,40.69,35,15.15,30,12.99
Sherman Oaks Center for Enriched Studies,Los Angeles,151,84.36,108,60.34,106,59.22
Gardena Senior High,Los Angeles,77,44.00,33,18.86,29,16.57
James A. Garfield Senior High,Los Angeles,185,45.68,125,30.86,103,25.43
Granada Hills Charter High,Los Angeles,705,94.00,577,76.93,566,75.47
Ulysses S. Grant Senior High,Los Angeles,87,55.41,55,35.03,48,30.57
Alexander Hamilton Senior High,Los Angeles,254,73.41,147,42.49,141,40.75
Hollywood Senior High,Los Angeles,169,62.36,92,33.95,85,31.37
Huntington Park Senior High,Los Angeles,72,32.29,24,10.76,19,8.52
Thomas Jefferson Senior High,Los Angeles,31,33.33,10,10.75,10,10.75
David Starr Jordan Senior High,Los Angeles,9,13.64,3,4.55,3,4.55
Abraham Lincoln Senior High,Los Angeles,71,47.65,47,31.54,39,26.17
Los Angeles Senior High,Los Angeles,73,50.69,47,32.64,44,30.56
Manual Arts Senior High,Los Angeles,67,33.67,18,9.05,17,8.54
John Marshall Senior High,Los Angeles,286,73.59,178,45.90,176,45.13
James Monroe High,Los Angeles,101,43.53,47,20.26,38,16.38
Nathaniel Narbonne Senior High,Los Angeles,169,55.96,88,29.14,79,26.16
North Hollywood Senior High,Los Angeles,251,70.08,168,47.09,165,45.71
Reseda Senior High,Los Angeles,115,64.25,64,35.75,62,34.64
Theodore Roosevelt Senior High,Los Angeles,60,32.61,23,12.50,22,11.96
San Fernando Senior High,Los Angeles,132,45.83,73,25.35,64,22.22
San Pedro Senior High,Los Angeles,217,71.71,129,42.43,122,40.13
South Gate Senior High,Los Angeles,201,55.07,69,18.90,65,17.81
Sylmar Charter High,Los Angeles,132,47.65,64,23.10,55,19.86
Taft Charter High,Los Angeles,245,77.53,179,56.65,170,53.80
University Senior High,Los Angeles,171,68.67,121,48.59,114,45.78
Van Nuys Senior High,Los Angeles,245,78.78,191,61.41,181,58.20
Venice Senior High,Los Angeles,176,78.32,109,48.67,108,47.79
Verdugo Hills Senior High,Los Angeles,102,63.58,63,39.51,61,37.65
George Washington Preparatory High,Los Angeles,32,35.56,7,7.78,5,5.56
WESM Health/Sports Medicine,Los Angeles,95,60.13,38,24.05,37,23.42
Woodrow Wilson Senior High,Los Angeles,108,47.58,50,22.03,42,18.50
John F. Kennedy High,Los Angeles,183,67.03,111,40.66,105,38.46
Francisco Bravo Medical Magnet High,Los Angeles,243,72.32,160,47.62,154,45.83
Palisades Charter High,Los Angeles,335,88.45,263,69.55,260,68.24
City of Angels,Los Angeles,15,71.43,7,33.33,7,33.33
Los Angeles Leadership Academy,Los Angeles,26,55.32,10,21.28,10,21.28
Elizabeth Learning Center,Los Angeles,43,41.75,20,19.42,17,16.50
Thirty-Second Street USC Performing Arts,Los Angeles,34,55.74,16,26.23,16,26.23
Vaughn Next Century Learning Center,Los Angeles,60,55.56,37,34.26,31,28.70
Robert Fulton College Preparatory,Los Angeles,47,47.47,23,23.23,21,21.21
Foshay Learning Center,Los Angeles,83,58.45,35,24.65,32,22.54
Sun Valley Magnet,Los Angeles,15,34.88,11,25.58,9,20.93
PUC Community Charter Middle and PUC Community Cha,Los Angeles,50,52.08,35,36.46,30,31.25
Marco Antonio Firebaugh High,Los Angeles,117,31.20,33,8.80,29,7.73
Vista High,Los Angeles,4,8.00,1,2.00,1,2.00
Lynwood High,Los Angeles,202,39.84,70,13.81,61,12.03
Monrovia High,Los Angeles,172,81.52,120,56.87,117,55.45
Applied Technology Center,Los Angeles,52,43.70,23,19.33,21,17.65
Schurr High,Los Angeles,304,53.90,181,32.09,165,29.26
Bell Gardens High,Los Angeles,221,37.59,95,16.16,85,14.46
Montebello High,Los Angeles,242,43.76,112,20.25,101,18.26
Vail High (Continuation),Los Angeles,4,5.33,2,2.67,0,0.00
John H. Glenn High,Los Angeles,93,33.45,37,13.31,32,11.51
La Mirada High,Los Angeles,201,56.55,104,29.25,95,26.46
Norwalk High,Los Angeles,219,47.61,91,19.78,84,18.26
El Camino High (Continuation),Los Angeles,5,5.43,0,0.00,0,0.00
Palmdale Aerospace Academy,Los Angeles,110,79.71,59,42.75,58,42.03
Guidance Charter,Los Angeles,10,38.46,0,0.00,0,0.00
Palos Verdes Peninsula High,Los Angeles,351,97.50,332,92.22,328,91.11
Palos Verdes High,Los Angeles,213,95.96,196,88.34,195,87.44
Paramount High,Los Angeles,400,36.00,187,16.83,170,15.30
Buena Vista High,Los Angeles,4,4.26,3,3.19,2,2.13
Aveson Global Leadership Academy,Los Angeles,22,78.57,9,32.14,9,32.14
Blair High,Los Angeles,38,64.41,23,38.98,22,37.29
Marshall Fundamental,Los Angeles,110,75.34,75,51.37,73,50.00
John Muir High,Los Angeles,52,53.61,31,31.96,27,27.84
Pasadena High,Los Angeles,198,75.57,137,52.29,127,48.47
Ganesha High,Los Angeles,59,49.17,25,20.83,25,20.83
Garey High,Los Angeles,89,55.63,45,28.75,39,24.38
Pomona High,Los Angeles,92,52.27,39,22.16,35,19.89
Diamond Ranch High,Los Angeles,182,72.05,114,45.28,112,44.09
Village Academy High School at Indian Hill,Los Angeles,28,59.57,15,31.91,13,27.66
Fremont Academy of Engineering and Design,Los Angeles,35,56.45,9,14.52,8,12.90
Palomares Academy of Health Science,Los Angeles,15,48.39,0,0.00,0,0.00
San Marino High,Los Angeles,174,97.27,172,96.17,174,95.08
Santa Monica High,Los Angeles,330,78.20,260,61.61,251,59.48
Malibu High,Los Angeles,96,89.72,79,73.83,79,73.83
South Pasadena Senior High,Los Angeles,214,93.91,187,82.17,186,80.87
Temple City High,Los Angeles,326,92.61,314,89.77,306,86.93
North High,Los Angeles,172,86.87,138,69.70,136,68.69
South High,Los Angeles,250,91.61,231,84.67,223,81.39
Torrance High,Los Angeles,203,80.95,147,58.33,139,55.16
West High,Los Angeles,268,95.71,238,85.00,236,84.29
California Virtual Academy @ Los Angeles,Los Angeles,26,76.47,16,47.06,16,47.06
Edgewood High,Los Angeles,97,78.23,72,58.06,67,54.03
West Covina High,Los Angeles,206,74.64,151,54.71,141,51.09
California High,Los Angeles,232,73.42,137,43.35,128,40.51
La Serna High,Los Angeles,364,78.79,259,56.06,246,53.25
Pioneer High,Los Angeles,97,63.40,73,47.71,60,39.22
Santa Fe High,Los Angeles,234,71.12,156,47.42,143,43.47
Whittier High,Los Angeles,147,60.49,105,43.21,89,36.63
Golden Valley High,Los Angeles,169,82.84,113,55.39,111,54.41
West Ranch High,Los Angeles,337,94.41,290,81.28,288,80.45
Santa Clarita Valley International,Los Angeles,23,69.70,7,21.21,7,21.21
Canyon High,Los Angeles,203,83.20,144,59.02,141,57.79
Saugus High,Los Angeles,271,92.81,219,75.00,214,73.29
William S. Hart High,Los Angeles,268,92.47,207,71.58,204,69.86
Valencia High,Los Angeles,378,91.55,295,71.50,290,70.05
Opportunities for Learning - Santa Clarita,Los Angeles,25,67.57,5,13.51,5,13.51
Academy of the Canyons,Los Angeles,84,97.67,71,82.56,71,82.56
Lifeline Education Charter,Los Angeles,5,12.50,2,5.00,0,0.00
Centennial High,Los Angeles,43,22.99,11,5.88,10,5.35
Compton High,Los Angeles,92,29.97,36,11.73,31,10.10
Dominguez High,Los Angeles,127,35.47,33,9.22,30,8.38
La Puente High,Los Angeles,79,65.29,38,31.40,35,28.93
Los Altos High,Los Angeles,176,71.54,92,37.40,86,34.96
Glen A. Wilson High,Los Angeles,209,88.56,173,73.31,170,72.03
William Workman High,Los Angeles,74,65.49,42,37.17,39,34.51
Nogales High,Los Angeles,145,59.67,78,32.10,68,27.98
John A. Rowland High,Los Angeles,253,86.69,228,78.16,219,74.74
Diamond Bar High,Los Angeles,567,92.36,525,85.67,528,84.08
Walnut High,Los Angeles,434,91.02,419,87.89,402,83.92
Gabrielino High,Los Angeles,285,89.06,262,81.88,251,78.44
Options for Youth San Gabriel,Los Angeles,31,70.45,12,27.27,10,22.73
Assurance Learning Academy,Los Angeles,3,16.67,0,0.00,0,0.00
iLEAD Hybrid,Los Angeles,60,77.92,41,53.25,40,51.95
Vasquez High,Los Angeles,29,90.63,20,62.50,19,59.38
Mira Costa High,Los Angeles,313,96.32,287,88.34,285,87.42
Redondo Union High,Los Angeles,252,90.68,219,78.85,214,76.70
New West Charter,Los Angeles,40,83.33,33,68.75,32,66.67
School of Arts and Enterprise,Los Angeles,40,60.61,12,18.18,12,18.18
Alhambra High,Los Angeles,315,77.97,256,63.37,232,57.43
Mark Keppel High,Los Angeles,348,90.39,328,85.19,317,82.34
San Gabriel High,Los Angeles,304,78.96,270,70.13,246,63.90
Da Vinci Design,Los Angeles,53,69.74,20,26.32,18,23.68
Da Vinci Innovation Academy,Los Angeles,92,87.62,79,75.24,76,72.38
Da Vinci Communications High,Los Angeles,21,75.00,11,39.29,11,39.29
Academia Avance Charter,Los Angeles,16,34.04,9,19.15,8,17.02
Chowchilla Union High,Madera,48,75.00,22,34.38,21,32.81
Madera South High,Madera,139,49.12,63,22.26,56,19.79
Madera High,Madera,158,57.88,97,35.53,84,30.77
Liberty High,Madera,53,84.13,30,47.62,29,46.03
Minarets High,Madera,14,70.00,5,25.00,5,25.00
Yosemite High,Madera,67,80.72,46,55.42,45,54.22
Novato High,Marin,162,84.38,130,67.71,127,66.15
San Marin High,Marin,153,94.44,113,69.75,112,69.14
San Rafael High,Marin,114,79.72,83,58.04,81,56.64
Terra Linda High,Marin,119,84.40,88,62.41,88,62.41
Tamiscal High (Alternative),Marin,18,94.74,14,73.68,14,73.68
Sir Francis Drake High,Marin,119,97.54,100,81.97,99,81.15
Redwood High,Marin,180,96.77,162,87.10,161,86.56
Tamalpais High,Marin,188,97.92,156,81.25,156,81.25
Tomales High,Marin,12,60.00,7,35.00,7,35.00
Mariposa County High,Mariposa,31,86.11,24,66.67,23,63.89
Anderson Valley Junior-Senior High,Mendocino,10,66.67,6,40.00,6,40.00
Fort Bragg High,Mendocino,50,81.97,32,52.46,32,52.46
Mendocino High,Mendocino,28,90.32,20,64.52,19,61.29
Ukiah High,Mendocino,88,82.24,75,70.09,71,66.36
Willits High,Mendocino,16,59.26,12,44.44,12,44.44
Laytonville High,Mendocino,17,85.00,13,65.00,13,65.00
Hilmar High,Merced,41,64.06,22,34.38,22,34.38
Le Grand High,Merced,20,41.67,10,20.83,8,16.67
Pacheco High,Merced,83,57.64,53,36.81,49,34.03
Los Banos High,Merced,81,66.39,45,36.89,44,36.07
El Capitan High,Merced,121,71.60,68,40.24,64,37.87
Golden Valley High,Merced,104,66.67,60,38.46,56,35.90
Buhach Colony High,Merced,131,74.43,70,39.77,66,37.50
Atwater High,Merced,85,62.50,43,31.62,42,30.88
Livingston High,Merced,68,56.20,43,35.54,39,32.23
Merced High,Merced,93,69.92,55,41.35,54,40.60
Gustine High,Merced,42,63.64,16,24.24,16,24.24
Dos Palos High,Merced,36,52.17,23,33.33,21,30.43
Delhi High,Merced,57,60.00,18,18.95,16,16.84
Modoc High,Modoc,11,73.33,8,53.33,8,53.33
Tulelake High,Modoc,10,43.48,3,13.04,3,13.04
Mammoth High,Mono,35,94.59,26,70.27,26,70.27
Millennium Charter High,Monterey,17,53.13,8,25.00,7,21.88
Carmel High,Monterey,29,100.00,27,93.33,28,93.33
Greenfield High,Monterey,27,39.13,9,13.04,9,13.04
King City High,Monterey,47,63.51,25,33.78,25,33.78
Marina High,Monterey,36,67.92,21,39.62,20,37.74
Monterey High,Monterey,137,74.86,92,50.27,90,49.18
Seaside High,Monterey,81,55.10,57,38.78,50,34.01
Pacific Grove High,Monterey,69,94.52,59,80.82,58,79.45
Alisal High,Monterey,150,53.96,97,34.89,84,30.22
Everett Alvarez High,Monterey,137,63.43,75,34.72,72,33.33
North Salinas High,Monterey,120,67.80,67,37.85,64,36.16
Salinas High,Monterey,207,73.14,147,51.94,137,48.41
North Monterey County High,Monterey,67,59.29,33,29.20,30,26.55
Soledad High,Monterey,73,45.96,21,13.66,20,12.42
Gonzales High,Monterey,51,61.18,22,27.06,20,23.53
Calistoga Junior-Senior High,Napa,15,57.69,10,38.46,9,34.62
American Canyon High,Napa,168,80.00,110,52.38,109,51.90
Vintage High,Napa,156,72.56,112,52.09,108,50.23
New Technology High,Napa,34,79.07,17,39.53,17,39.53
Napa High,Napa,152,77.95,110,56.41,103,52.82
Saint Helena High,Napa,47,81.03,31,53.45,31,53.45
Bitney Prep High,Nevada,14,82.35,8,47.06,7,41.18
William & Marian Ghidotti High,Nevada,31,100.00,31,100.00,31,100.00
Sierra Academy of Expeditionary Learning,Nevada,13,86.67,9,60.00,9,60.00
Bear River High,Nevada,57,91.94,46,74.19,45,72.58
Nevada Union High,Nevada,126,91.97,92,67.15,91,66.42
Samueli Academy,Orange,58,75.32,45,58.44,42,54.55
Cypress High,Orange,364,90.59,296,74.01,291,72.03
Anaheim High,Orange,127,63.50,75,37.50,68,34.00
Oxford Academy,Orange,179,100.00,164,91.71,166,91.71
Katella High,Orange,162,62.31,83,31.92,80,30.77
John F. Kennedy High,Orange,275,92.62,232,78.19,228,76.51
Loara High,Orange,136,67.00,75,36.95,66,32.51
Magnolia High,Orange,113,64.94,64,36.78,58,33.33
Savanna High,Orange,133,68.21,82,42.05,76,38.97
Western High,Orange,132,71.74,78,42.39,69,37.50
Brea-Olinda High,Orange,188,93.10,158,78.33,155,76.35
Capistrano Connections Academy,Orange,95,88.89,59,54.63,58,53.70
San Juan Hills High,Orange,298,94.62,240,76.27,239,75.63
Capistrano Valley High,Orange,250,93.28,220,82.09,217,80.97
Aliso Niguel High,Orange,404,95.31,366,86.38,359,84.27
Tesoro High,Orange,338,96.59,286,81.82,286,81.25
San Clemente High,Orange,316,92.96,254,74.78,252,73.90
Dana Hills High,Orange,316,95.48,259,78.31,253,76.20
Buena Park High,Orange,117,56.52,74,35.75,60,28.99
Fullerton Union High,Orange,180,83.33,141,65.28,137,63.43
La Habra High,Orange,201,77.91,149,57.75,137,53.10
Sonora High,Orange,202,83.82,169,70.12,162,67.22
Sunny Hills High,Orange,338,91.87,300,81.57,295,79.95
Troy High,Orange,504,97.19,486,93.82,496,92.88
Bolsa Grande High,Orange,278,79.66,236,67.62,218,62.46
Garden Grove High,Orange,309,82.01,201,53.44,195,51.59
La Quinta High,Orange,372,86.92,352,82.24,329,76.87
Los Amigos High,Orange,164,61.19,90,33.58,79,29.48
Pacifica High,Orange,232,87.88,192,72.73,185,70.08
Rancho Alamitos High,Orange,178,69.92,135,52.73,119,46.48
Santiago High,Orange,162,60.90,88,33.08,83,31.20
Ocean View High,Orange,135,79.41,89,52.35,84,49.41
Edison High,Orange,287,96.00,242,81.00,242,80.67
Fountain Valley High,Orange,549,93.39,508,86.44,498,84.41
Huntington Beach High,Orange,361,91.86,314,79.90,302,76.84
Marina High,Orange,232,90.98,210,82.35,202,79.22
Westminster High,Orange,288,78.26,259,70.38,236,64.13
Laguna Beach High,Orange,82,95.35,66,76.74,65,75.58
Early College High,Orange,39,88.64,32,72.73,31,70.45
Corona del Mar High,Orange,104,96.30,94,87.04,94,87.04
Costa Mesa High,Orange,90,82.57,61,55.96,59,54.13
Estancia High,Orange,94,68.12,55,39.86,53,38.41
Newport Harbor High,Orange,177,84.69,139,66.99,135,64.59
Canyon High,Orange,386,78.62,281,57.23,270,54.99
El Modena High,Orange,264,54.30,148,30.53,139,28.48
Orange High,Orange,146,36.05,70,17.28,64,15.80
Richland Continuation High,Orange,11,9.09,2,1.65,2,1.65
Villa Park High,Orange,381,66.15,229,39.76,217,37.67
Yorba Linda High,Orange,258,92.50,227,81.43,222,79.29
Esperanza High,Orange,198,90.41,177,80.82,173,79.00
El Dorado High,Orange,231,92.03,204,81.27,199,79.28
Valencia High,Orange,257,87.25,235,79.87,228,76.51
Nova Academy,Orange,43,66.15,17,26.15,17,26.15
Segerstrom High,Orange,293,47.49,181,29.34,160,25.93
Hector G. Godinez,Orange,287,47.44,212,35.04,170,28.10
Cesar E. Chavez High,Orange,4,4.82,1,1.20,1,1.20
Century High,Orange,90,25.57,36,10.23,26,7.39
Middle College High,Orange,67,81.71,43,52.44,41,50.00
OCSA,Orange,268,98.55,221,81.52,224,81.16
Lorin Griset Academy,Orange,7,4.67,2,1.33,2,1.33
Saddleback High,Orange,96,33.45,49,17.07,35,12.20
Santa Ana High,Orange,137,27.85,54,10.98,47,9.55
Valley High,Orange,89,23.73,46,12.27,36,9.60
El Toro High,Orange,246,89.13,217,78.62,208,75.36
Laguna Hills High,Orange,171,92.93,142,77.17,139,75.54
Trabuco Hills High,Orange,320,92.82,276,80.17,275,79.02
Mission Viejo High,Orange,246,90.55,206,76.00,203,73.82
Arnold O. Beckman High,Orange,374,90.89,355,86.33,354,84.89
Foothill High,Orange,286,92.86,239,77.60,235,76.30
Tustin High,Orange,252,68.48,169,45.92,156,42.39
Irvine High,Orange,231,95.62,221,92.03,226,90.04
Woodbridge High,Orange,274,97.87,247,88.30,246,87.23
Northwood High,Orange,279,97.05,272,94.75,285,93.44
University High,Orange,302,98.43,287,93.71,296,93.08
Los Alamitos High,Orange,523,93.09,418,74.47,412,73.05
John Adams Academy,Placer,22,95.65,19,82.61,18,78.26
Foresthill High,Placer,14,87.50,7,43.75,7,43.75
Colfax High,Placer,77,92.77,60,72.29,60,72.29
Del Oro High,Placer,235,90.38,208,80.00,202,77.69
Placer High,Placer,113,88.98,82,64.57,79,62.20
Antelope High,Placer,208,81.89,141,55.51,132,51.97
Woodcreek High,Placer,226,92.62,179,73.36,176,72.13
Granite Bay High,Placer,360,95.28,322,85.30,320,83.99
Oakmont High,Placer,195,89.50,160,73.52,155,70.78
Roseville High,Placer,237,87.78,173,64.07,171,63.33
North Tahoe High,Placer,35,76.09,23,50.00,23,50.00
Tahoe Truckee High,Placer,92,90.29,68,66.02,67,65.05
Lincoln High,Placer,142,81.25,91,52.27,90,51.14
Whitney High,Placer,246,90.44,195,71.69,192,70.59
Western Sierra Collegiate Academy,Placer,80,97.56,65,79.27,65,79.27
Rocklin High,Placer,248,91.54,217,80.15,214,78.68
Chester Junior/Senior High,Plumas,12,70.59,8,47.06,8,47.06
Quincy Junior/Senior High,Plumas,27,96.43,22,78.57,22,78.57
River Springs Charter,Riverside,38,90.48,24,57.14,24,57.14
Riverside County Education Academy,Riverside,6,30.00,3,15.00,2,10.00
Hillcrest High,Riverside,233,56.28,145,35.02,133,32.13
La Sierra High,Riverside,174,46.77,92,24.73,79,21.24
Norte Vista High,Riverside,208,38.31,95,17.50,82,15.10
Alvord Continuation High,Riverside,4,13.79,2,6.90,1,3.45
Banning High,Riverside,62,60.78,39,38.24,29,28.43
Beaumont Senior High,Riverside,286,51.81,129,23.37,124,22.46
Eleanor Roosevelt High,Riverside,478,78.85,352,58.03,339,55.57
John F. Kennedy High,Riverside,131,86.75,90,59.60,87,57.62
Centennial High,Riverside,333,77.62,258,60.14,248,57.81
Santiago High,Riverside,522,84.33,412,66.56,385,62.20
Corona High,Riverside,195,69.64,119,42.50,116,41.43
Norco High,Riverside,201,79.53,144,57.09,140,55.12
Shadow Hills High,Riverside,158,61.96,65,25.49,62,24.31
Palm Desert High,Riverside,190,85.97,137,61.99,137,61.99
La Quinta High,Riverside,259,77.31,148,44.18,141,42.09
Indio High,Riverside,91,58.71,28,18.06,26,16.77
Hamilton High,Riverside,32,52.46,14,22.95,11,18.03
Tahquitz High,Riverside,125,40.58,55,17.86,52,16.88
Western Center Academy,Riverside,57,96.61,45,76.27,45,76.27
Helen Hunt Jackson College Prep High School,Riverside,8,28.57,3,10.71,3,10.71
West Valley High,Riverside,138,41.95,54,16.41,52,15.81
Hemet High,Riverside,218,50.00,112,25.69,105,24.08
Patriot High,Riverside,165,68.75,100,41.67,94,39.17
Jurupa Valley High,Riverside,91,53.85,62,36.69,54,31.95
Rubidoux High,Riverside,89,63.12,32,22.70,31,21.99
Santa Rosa Academy,Riverside,60,85.71,33,47.14,31,44.29
Moreno Valley Online Academy,Riverside,7,25.93,3,11.11,2,7.41
Canyon Springs High,Riverside,242,45.57,111,20.90,100,18.83
Valley View High,Riverside,256,42.38,126,20.86,110,18.21
Bayside Community Day,Riverside,5,14.71,0,0.00,0,0.00
Vista del Lago High,Riverside,138,32.86,59,14.05,45,10.71
March Mountain High,Riverside,5,6.67,1,1.33,1,1.33
Moreno Valley High,Riverside,159,33.13,48,10.00,46,9.58
Nuview Bridge Early College High,Riverside,98,70.00,62,44.29,59,42.14
Rancho Mirage High,Riverside,146,71.22,81,39.51,76,37.07
Cathedral City High,Riverside,105,59.66,58,32.95,52,29.55
Desert Hot Springs High,Riverside,79,52.32,45,29.80,42,27.81
Palm Springs High,Riverside,153,70.83,92,42.59,87,40.28
Palo Verde High,Riverside,34,57.63,17,28.81,15,25.42
California Military Institute,Riverside,52,66.67,38,48.72,35,44.87
Heritage High,Riverside,171,58.36,87,29.69,79,26.96
Paloma Valley High,Riverside,253,74.63,153,45.43,146,43.07
Perris High,Riverside,128,53.11,51,21.16,49,20.33
Encore High School for the Arts - Riverside,Riverside,41,71.93,18,31.58,17,29.82
Arlington High,Riverside,141,64.38,74,33.79,68,31.05
Martin Luther King Jr. High,Riverside,370,84.67,279,63.84,271,62.01
John W. North High,Riverside,177,61.89,125,43.71,108,37.76
Polytechnic High,Riverside,224,72.73,149,48.38,140,45.45
Ramona High,Riverside,128,56.14,89,39.04,76,33.33
San Jacinto High,Riverside,163,61.51,77,29.06,69,26.04
San Jacinto Valley Academy,Riverside,22,47.83,19,41.30,14,30.43
Desert Mirage High,Riverside,73,41.71,24,13.71,22,12.57
NOVA Academy - Coachella,Riverside,11,39.29,4,14.29,3,10.71
West Shores High,Riverside,14,38.89,6,16.67,5,13.89
Coachella Valley High,Riverside,123,50.41,58,23.77,52,21.31
Lakeside High,Riverside,120,70.18,63,36.84,58,33.92
Temescal Canyon High,Riverside,231,79.11,154,52.74,147,50.34
Elsinore High,Riverside,142,78.02,95,52.20,85,46.70
Great Oak High,Riverside,492,88.49,386,69.42,373,67.09
Temecula Valley High,Riverside,331,86.42,244,63.71,237,61.88
Chaparral High,Riverside,443,82.37,305,56.59,295,54.73
Temecula Preparatory,Riverside,50,96.15,35,67.31,35,67.31
Vista Murrieta High,Riverside,435,84.47,303,58.83,293,56.89
Murrieta Mesa High,Riverside,254,75.82,155,46.27,150,44.78
Murrieta Valley High,Riverside,311,83.42,190,51.07,185,49.47
Citrus Hill High,Riverside,186,31.90,83,14.24,76,13.04
Val Verde Academy,Riverside,9,40.91,1,4.55,1,4.55
Rancho Verde High,Riverside,343,42.35,156,19.26,150,18.52
Monterey Trail High,Sacramento,226,70.85,142,44.51,131,41.07
Pleasant Grove High,Sacramento,339,92.66,306,83.70,296,80.43
Cosumnes Oaks High,Sacramento,312,83.02,258,68.70,246,65.25
Valley High,Sacramento,105,45.85,53,23.14,46,20.09
Florin High,Sacramento,77,56.20,39,28.47,36,26.28
Laguna Creek High,Sacramento,189,85.91,141,64.09,138,62.73
Sheldon High,Sacramento,217,76.14,159,55.79,148,51.93
Franklin High,Sacramento,395,87.58,316,70.07,300,66.52
Elk Grove High,Sacramento,190,84.44,166,73.78,157,69.78
Vista del Lago High,Sacramento,226,96.19,216,91.95,212,89.83
Cordova High,Sacramento,93,78.15,67,56.30,63,52.94
Folsom High,Sacramento,278,93.96,256,86.58,253,84.90
Liberty Ranch High,Sacramento,85,82.52,68,66.02,67,65.05
Galt High,Sacramento,50,60.24,35,42.17,31,37.35
Rio Vista High,Sacramento,28,77.78,16,44.44,16,44.44
Delta High,Sacramento,23,63.89,6,16.67,6,16.67
New Technology High,Sacramento,9,47.37,6,31.58,6,31.58
George Washington Carver School of Arts and Scienc,Sacramento,26,92.86,18,64.29,18,64.29
The MET,Sacramento,18,85.71,8,38.10,8,38.10
Rosemont High,Sacramento,103,67.10,75,49.03,70,45.16
Sacramento Charter High,Sacramento,74,56.92,34,26.15,29,22.31
Arthur A. Benjamin Health Professions High,Sacramento,10,58.82,2,11.76,2,11.76
School of Engineering & Sciences,Sacramento,22,88.00,15,60.00,15,60.00
West Campus,Sacramento,182,89.22,147,72.06,138,67.65
Luther Burbank High,Sacramento,83,37.90,41,18.72,33,15.07
Hiram W. Johnson High,Sacramento,67,46.53,28,19.44,24,16.67
John F. Kennedy High,Sacramento,207,76.67,164,60.74,150,55.56
C. K. McClatchy High,Sacramento,210,84.00,161,64.40,156,62.40
Kit Carson International Academy,Sacramento,12,54.55,5,22.73,4,18.18
Aspire Alexander Twilight Secondary Academy,Sacramento,8,53.33,2,13.33,2,13.33
Mesa Verde High,Sacramento,55,72.37,30,39.47,28,36.84
Bella Vista High,Sacramento,256,94.83,215,79.34,211,77.86
Options for Youth-San Juan,Sacramento,15,55.56,11,40.74,11,40.74
Visions In Education,Sacramento,54,90.00,38,63.33,38,63.33
Casa Roble Fundamental High,Sacramento,100,78.13,71,55.47,63,49.22
Del Campo High,Sacramento,121,83.45,98,67.59,93,64.14
El Camino Fundamental High,Sacramento,124,80.52,86,55.84,82,53.25
Encina Preparatory High,Sacramento,14,58.33,4,16.67,4,16.67
Mira Loma High,Sacramento,159,88.46,146,81.32,146,80.22
Rio Americano High,Sacramento,217,94.81,182,79.65,182,78.79
San Juan High,Sacramento,12,37.50,10,31.25,6,18.75
Center High,Sacramento,68,85.00,61,76.25,53,66.25
Inderkum High,Sacramento,202,73.99,129,47.25,125,45.79
Natomas Pacific Pathways Prep,Sacramento,93,84.55,59,53.64,56,50.91
Leroy Greene Academy,Sacramento,47,74.60,15,23.81,15,23.81
Natomas High,Sacramento,40,52.63,19,25.00,17,22.37
Natomas Charter,Sacramento,80,87.91,49,53.85,46,50.55
Futures High,Sacramento,27,75.00,18,50.00,16,44.44
Heritage Peak Charter,Sacramento,14,73.68,7,36.84,7,36.84
Creative Connections Arts Academy,Sacramento,12,42.86,6,21.43,5,17.86
Pacific Career and Technology High,Sacramento,4,11.43,0,0.00,0,0.00
Elwood J. Keema High,Sacramento,4,25.00,0,0.00,0,0.00
Vista Nueva Career and Technology High,Sacramento,3,8.11,0,0.00,0,0.00
Foothill High,Sacramento,73,36.87,38,19.19,31,15.66
Grant Union High,Sacramento,97,31.39,45,14.56,38,12.30
Highlands High,Sacramento,43,30.71,28,20.00,23,16.43
Rio Linda High,Sacramento,149,44.61,76,22.75,65,19.46
San Benito High,San Benito,214,76.98,156,56.12,144,51.80
Anzar High,San Benito,23,62.16,15,40.54,14,37.84
Barstow High,San Bernardino,55,64.71,37,43.53,33,38.82
Big Bear High,San Bernardino,51,87.93,45,77.59,43,74.14
Alta Loma High,San Bernardino,255,74.78,169,49.56,160,46.92
Etiwanda High,San Bernardino,455,81.25,302,53.93,290,51.79
Rancho Cucamonga High,San Bernardino,412,80.19,299,58.25,281,54.56
Los Osos High,San Bernardino,490,87.39,399,71.23,389,69.09
Colony High,San Bernardino,164,66.13,105,42.34,100,40.32
Chaffey High,San Bernardino,228,56.44,121,29.95,110,27.23
Montclair High,San Bernardino,208,62.09,155,46.27,140,41.79
Ontario High,San Bernardino,157,59.85,101,38.26,89,33.71
Don Antonio Lugo High,San Bernardino,172,48.45,71,20.00,60,16.90
Ruben S. Ayala High,San Bernardino,486,75.70,355,55.30,341,53.12
Chino Hills High,San Bernardino,534,75.99,383,54.55,366,51.99
Buena Vista Continuation High,San Bernardino,8,8.60,2,2.15,2,2.15
Chino High,San Bernardino,252,47.55,119,22.45,106,20.00
Grand Terrace High School at the Ray Abril Jr. Edu,San Bernardino,131,63.59,64,31.07,55,26.70
Bloomington High,San Bernardino,134,66.34,69,34.16,63,31.19
Colton High,San Bernardino,75,58.14,33,25.58,29,22.48
Summit High,San Bernardino,211,71.28,125,42.23,111,37.50
Jurupa Hills High,San Bernardino,115,59.90,63,32.81,60,31.25
Fontana A. B. Miller High,San Bernardino,109,68.13,52,32.50,49,30.63
Henry J. Kaiser High,San Bernardino,153,58.40,66,25.19,63,24.05
Fontana High,San Bernardino,164,51.74,81,25.55,69,21.77
Academy of Careers and Exploration,San Bernardino,24,77.42,11,35.48,11,35.48
Twentynine Palms High,San Bernardino,47,73.44,34,53.13,31,48.44
Yucca Valley High,San Bernardino,93,82.30,69,61.06,66,58.41
Needles High,San Bernardino,15,68.18,7,31.82,7,31.82
Riverside Preparatory,San Bernardino,38,62.30,21,34.43,19,31.15
Citrus Valley High,San Bernardino,322,66.94,230,47.82,210,43.66
Redlands East Valley High,San Bernardino,330,70.28,226,48.20,220,46.71
Grove,San Bernardino,15,88.24,14,82.35,14,82.35
Orangewood High (Continuation),San Bernardino,5,13.51,3,8.11,2,5.41
Redlands Senior High,San Bernardino,386,78.46,273,55.69,260,52.85
Wilmer Amina Carter High,San Bernardino,253,45.92,109,19.78,96,17.42
Milor Continuation High,San Bernardino,2,11.76,1,5.88,1,5.88
Rialto High,San Bernardino,243,41.75,118,20.27,103,17.70
Eisenhower Senior High,San Bernardino,191,34.48,98,17.69,75,13.54
Rim of the World Senior High,San Bernardino,86,84.31,54,52.94,52,50.98
Public Safety Academy,San Bernardino,14,53.85,8,30.77,7,26.92
Options for Youth-San Bernardino,San Bernardino,11,50.00,5,22.73,4,18.18
Indian Springs High,San Bernardino,69,42.33,47,28.83,39,23.93
Arroyo Valley High,San Bernardino,129,57.59,58,25.89,54,24.11
Middle College High,San Bernardino,50,75.76,25,37.88,24,36.36
Cajon High,San Bernardino,206,63.19,106,32.52,99,30.37
Pacific High,San Bernardino,48,46.60,22,21.36,19,18.45
San Bernardino High,San Bernardino,65,47.79,30,22.06,29,21.32
San Gorgonio High,San Bernardino,105,54.40,54,27.98,52,26.94
University Preparatory,San Bernardino,145,85.80,103,60.95,99,58.58
Adelanto High,San Bernardino,74,56.06,33,25.00,28,21.21
Options for Youth-Victorville Charter,San Bernardino,30,63.83,7,14.89,7,14.89
Excelsior Charter,San Bernardino,73,74.49,44,44.90,43,43.88
Silverado High,San Bernardino,112,57.73,41,21.13,38,19.59
Victor Valley High,San Bernardino,107,59.44,59,32.78,56,31.11
Cobalt Institute of Math and Science Academy,San Bernardino,36,60.00,21,35.00,18,30.00
Yucaipa High,San Bernardino,275,82.58,210,63.06,202,60.66
Silver Valley High,San Bernardino,23,92.00,18,72.00,18,72.00
Serrano High,San Bernardino,165,82.50,134,67.00,127,63.50
Encore Jr./Sr. High School for the Performing and ,San Bernardino,53,68.83,20,25.97,19,24.68
Oak Hills High,San Bernardino,158,68.70,117,50.87,108,46.96
Hesperia High,San Bernardino,102,56.67,59,32.78,52,28.89
Sultana High,San Bernardino,113,66.08,58,33.92,52,30.41
Lucerne Valley High,San Bernardino,12,66.67,11,61.11,9,50.00
Upland High,San Bernardino,321,79.85,218,54.23,207,51.49
Apple Valley High,San Bernardino,146,68.22,86,40.19,78,36.45
Granite Hills High,San Bernardino,65,74.71,34,39.08,34,39.08
Borrego Springs High,San Diego,13,65.00,7,35.00,7,35.00
Mueller Charter (Robert L.),San Diego,33,56.90,16,27.59,13,22.41
Chula Vista Learning Community Charter,San Diego,43,61.43,20,28.57,19,27.14
Coronado High,San Diego,203,95.31,176,82.63,173,81.22
Classical Academy High,San Diego,154,93.94,125,76.36,124,75.15
Del Lago Academy - Campus of Applied Science,San Diego,105,80.77,65,50.00,63,48.46
San Pasqual High,San Diego,214,84.58,157,62.06,153,60.47
Escondido Charter High,San Diego,95,92.23,65,63.11,65,63.11
Escondido High,San Diego,162,68.94,106,45.11,99,42.13
Orange Glen High,San Diego,126,59.91,55,25.94,48,22.64
Fallbrook High,San Diego,130,71.82,92,50.83,86,47.51
Valhalla High,San Diego,217,87.50,186,75.00,179,72.18
West Hills High,San Diego,194,91.51,165,77.83,160,75.47
Steele Canyon High,San Diego,241,83.10,176,60.69,170,58.62
Grossmont Middle College High,San Diego,27,90.00,23,76.67,23,76.67
El Cajon Valley High,San Diego,48,55.81,33,38.37,28,32.56
El Capitan High,San Diego,116,82.27,79,56.03,77,54.61
Granite Hills High,San Diego,183,83.56,162,73.97,150,68.49
Grossmont High,San Diego,196,84.19,152,64.96,146,62.39
Helix High,San Diego,327,74.32,231,52.50,221,50.23
Monte Vista High,San Diego,91,73.98,73,59.35,69,56.10
Mount Miguel High,San Diego,54,55.67,29,29.90,25,25.77
Santana High,San Diego,118,86.76,102,75.00,97,71.32
Julian Charter,San Diego,22,81.48,14,51.85,13,48.15
River Valley Charter,San Diego,31,96.97,26,81.82,27,81.82
Mountain Empire High,San Diego,27,62.79,11,25.58,10,23.26
Del Norte High,San Diego,371,97.16,342,89.41,341,88.11
Mt. Carmel High,San Diego,290,91.48,245,77.29,240,75.71
Rancho Bernardo High,San Diego,353,93.90,316,83.82,306,81.17
Westview High,San Diego,398,96.39,356,86.27,354,85.30
Poway High,San Diego,311,92.01,277,81.95,271,80.18
Ramona High,San Diego,144,86.23,97,58.08,94,56.29
High Tech High International,San Diego,70,78.65,52,58.43,50,56.18
Learning Choice Academy,San Diego,17,80.95,8,38.10,8,38.10
San Diego International Studies,San Diego,137,87.82,87,55.77,86,55.13
San Diego Business/Leadership,San Diego,35,60.34,14,24.14,13,22.41
Kearny Digital Media & Design,San Diego,30,58.82,23,45.10,20,39.22
Kearny SCT,San Diego,48,75.00,28,43.75,26,40.63
Kearny College Connections,San Diego,38,76.00,21,42.00,21,42.00
"Kearny Eng, Innov & Design",San Diego,29,74.36,24,61.54,22,56.41
Crawford High,San Diego,73,50.34,31,21.38,26,17.93
San Diego Science and Technology,San Diego,45,54.22,30,36.14,26,31.33
San Diego Metro Career and Tech,San Diego,19,82.61,7,30.43,7,30.43
High Tech High Media Arts,San Diego,57,68.67,32,38.55,31,37.35
Lincoln High,San Diego,62,40.79,36,23.68,32,21.05
Health Sciences High,San Diego,49,48.51,22,21.78,22,21.78
East Village High,San Diego,9,50.00,4,22.22,4,22.22
King-Chavez Community High,San Diego,19,38.78,5,10.20,3,6.12
Gompers Preparatory Academy,San Diego,39,28.26,6,4.35,5,3.62
School for Entrepreneurship and Technology,San Diego,25,75.76,19,57.58,19,57.58
e3 Civic High,San Diego,42,56.76,30,40.54,26,35.14
Serra High,San Diego,197,87.56,148,65.78,144,64.00
Mira Mesa High,San Diego,279,85.85,235,72.31,229,70.46
University City High,San Diego,291,89.54,229,70.46,222,68.31
San Diego SCPA,San Diego,108,78.26,73,52.90,71,51.45
Mt. Everest Academy,San Diego,21,100.00,20,95.24,20,95.24
Scripps Ranch High,San Diego,348,93.85,310,83.42,309,82.62
Charter School of San Diego,San Diego,22,73.33,15,50.00,15,50.00
Preuss School UCSD,San Diego,75,75.76,56,56.57,53,53.54
Clairemont High,San Diego,98,81.67,68,56.67,66,55.00
High Tech High,San Diego,91,83.49,58,53.21,57,52.29
Audeo Charter,San Diego,11,68.75,6,37.50,6,37.50
Henry High,San Diego,341,90.21,287,75.93,279,73.81
Hoover High,San Diego,159,54.27,93,31.74,84,28.67
La Jolla High,San Diego,216,90.38,181,75.73,180,75.31
Madison High,San Diego,103,71.03,62,42.76,58,40.00
Mission Bay High,San Diego,80,72.73,46,41.82,46,41.82
Morse High,San Diego,109,62.64,66,37.93,61,35.06
Point Loma High,San Diego,253,85.47,184,62.16,179,60.47
The O'Farrell Charter,San Diego,59,54.13,39,35.78,38,34.86
Canyon Crest Academy,San Diego,388,98.31,366,93.00,385,93.00
Torrey Pines High,San Diego,302,96.27,277,88.51,282,87.58
La Costa Canyon High,San Diego,218,92.37,192,81.36,190,80.51
San Dieguito High Academy,San Diego,306,93.58,265,81.04,262,80.12
California Virtual Academy @ San Diego,San Diego,14,77.78,8,44.44,8,44.44
Olympian High,San Diego,403,85.23,283,59.70,276,58.23
Southwest Senior High,San Diego,127,67.55,52,27.66,49,26.06
Bonita Vista Senior High,San Diego,279,87.46,227,71.16,218,68.34
Castle Park Senior High,San Diego,67,60.91,35,31.82,34,30.91
Eastlake High,San Diego,482,89.59,367,68.22,355,65.99
Chula Vista Senior High,San Diego,192,72.45,89,33.58,85,32.08
San Ysidro High,San Diego,159,65.43,108,44.44,94,38.68
Otay Ranch Senior High,San Diego,351,79.59,226,51.25,221,50.11
Hilltop Senior High,San Diego,184,77.97,114,48.31,111,47.03
Mar Vista Senior High,San Diego,104,73.76,58,41.13,53,37.59
Sweetwater High,San Diego,191,71.80,98,36.84,92,34.59
Montgomery Senior High,San Diego,108,66.67,58,35.80,54,33.33
Mission Vista High,San Diego,233,92.83,176,70.12,174,69.32
Rancho Buena Vista High,San Diego,184,86.38,151,70.89,142,66.67
Guajome Park Academy Charter,San Diego,83,88.30,54,57.45,54,57.45
Vista High,San Diego,144,66.98,84,39.07,78,36.28
Sage Creek High,San Diego,202,94.84,176,82.63,173,81.22
Carlsbad High,San Diego,247,93.61,203,77.07,203,76.32
Oceanside High,San Diego,130,75.58,92,53.49,87,50.58
El Camino High,San Diego,240,77.81,200,64.95,187,60.13
Mission Hills High,San Diego,303,80.80,212,56.53,205,54.67
San Marcos High,San Diego,416,89.27,312,66.95,308,66.09
Valley Center High,San Diego,103,79.23,72,55.38,68,52.31
High Tech High Chula Vista,San Diego,108,69.68,52,33.55,49,31.61
High Tech High North County,San Diego,86,80.37,56,52.34,56,52.34
Bonsall High,San Diego,31,83.78,20,54.05,19,51.35
City Arts and Tech High,San Francisco,23,38.98,13,22.03,11,18.64
S.F. International High,San Francisco,8,16.33,15,30.61,8,16.33
Academy (The)- SF @McAteer,San Francisco,33,70.21,18,38.30,16,34.04
KIPP San Francisco College Preparatory,San Francisco,54,68.35,25,31.65,22,27.85
Independence High,San Francisco,12,80.00,8,53.33,8,53.33
Wallenberg (Raoul) Traditional High,San Francisco,91,77.78,84,71.79,78,66.67
Burton (Phillip and Sala) Academic High,San Francisco,93,62.00,73,48.67,62,41.33
Balboa High,San Francisco,141,75.00,125,66.49,116,61.70
"Asawa (Ruth) SF Sch of the Arts, A Public School",San Francisco,117,95.90,94,77.05,94,77.05
Marshall (Thurgood) High,San Francisco,18,32.73,17,30.91,13,23.64
Leadership High,San Francisco,19,38.78,7,14.29,3,6.12
Gateway High,San Francisco,76,73.79,51,49.51,50,48.54
Galileo High,San Francisco,246,73.65,233,69.76,204,61.08
Lincoln (Abraham) High,San Francisco,293,76.10,267,69.61,239,62.08
Lowell High,San Francisco,587,98.33,573,95.82,568,94.98
Mission High,San Francisco,86,53.75,57,35.63,44,27.50
O'Connell (John) High,San Francisco,24,68.57,14,40.00,14,40.00
Washington (George) High,San Francisco,321,79.85,279,69.40,254,63.18
Venture Academy,San Joaquin,41,56.94,19,26.39,15,20.83
Escalon High,San Joaquin,65,87.84,48,64.86,47,63.51
Lincoln High,San Joaquin,204,86.44,148,62.71,141,59.75
Linden High,San Joaquin,61,91.04,41,61.19,41,61.19
Aspire Benjamin Holt College Preparatory Academy,San Joaquin,57,89.06,43,67.19,43,67.19
Ronald E. McNair High,San Joaquin,111,67.27,71,43.03,62,37.58
Bear Creek High,San Joaquin,149,76.02,120,61.22,107,54.59
Middle College High,San Joaquin,52,96.30,45,83.33,45,83.33
Tokay High,San Joaquin,118,79.19,102,68.46,91,61.07
Lodi High,San Joaquin,163,89.56,149,81.87,138,75.82
Weston Ranch High,San Joaquin,82,72.57,53,46.90,50,44.25
Lathrop High,San Joaquin,96,68.09,51,36.17,49,34.75
Sierra High,San Joaquin,111,81.02,70,51.09,65,47.45
East Union High,San Joaquin,116,74.84,78,50.32,71,45.81
Manteca High,San Joaquin,91,65.94,56,40.58,50,36.23
"Humphreys College Academy of Business, Law and Edu",San Joaquin,21,65.63,10,31.25,10,31.25
Delta Charter,San Joaquin,13,86.67,6,40.00,6,40.00
California Connections Academy @ Ripon,San Joaquin,16,80.00,11,55.00,11,55.00
Ripon High,San Joaquin,86,83.65,60,58.65,59,56.73
Cesar Chavez High,San Joaquin,93,50.82,48,26.23,44,24.04
Edward C. Merlo Institute of Environmental Studies,San Joaquin,13,52.00,7,28.00,6,24.00
Aspire Langston Hughes Academy,San Joaquin,35,64.81,29,53.70,27,50.00
Stockton Unified Early College Academy,San Joaquin,83,89.25,60,64.52,59,63.44
Stockton Collegiate International Secondary,San Joaquin,30,76.92,19,48.72,18,46.15
Health Careers Academy,San Joaquin,37,53.62,13,18.84,12,17.39
Pacific Law Academy,San Joaquin,19,73.08,8,30.77,8,30.77
Weber Institute,San Joaquin,27,45.76,14,23.73,14,23.73
Edison High,San Joaquin,88,52.07,53,31.36,44,26.04
Franklin High,San Joaquin,91,59.48,61,39.87,52,33.99
Stagg Senior High,San Joaquin,49,53.85,24,26.37,21,23.08
Millennium Charter,San Joaquin,50,81.97,37,60.66,35,57.38
John C. Kimball High,San Joaquin,130,79.27,99,60.37,96,58.54
Merrill F. West High,San Joaquin,139,72.77,88,46.07,80,41.88
Tracy High,San Joaquin,214,86.29,157,63.31,153,61.69
Mountain House High,San Joaquin,132,89.86,94,64.19,90,60.81
Atascadero High,San Luis Obispo,96,94.12,75,73.53,74,72.55
Central Coast New Tech High,San Luis Obispo,39,88.89,25,57.78,26,57.78
Nipomo High,San Luis Obispo,62,84.93,48,65.75,46,63.01
Arroyo Grande High,San Luis Obispo,238,90.49,194,73.76,191,72.62
Morro Bay High,San Luis Obispo,80,81.63,67,68.37,62,63.27
San Luis Obispo High,San Luis Obispo,194,92.42,184,87.68,178,84.36
Templeton High,San Luis Obispo,93,95.88,71,73.20,71,73.20
Paso Robles High,San Luis Obispo,162,79.02,119,58.05,112,54.63
Coast Union High,San Luis Obispo,25,80.65,22,70.97,21,67.74
Half Moon Bay High,San Mateo,89,78.26,77,67.83,74,64.35
Summit Public School: Shasta,San Mateo,82,82.83,65,65.66,64,64.65
Jefferson High,San Mateo,80,66.12,50,41.32,47,38.84
Oceana High,San Mateo,91,89.32,72,70.87,72,69.90
Terra Nova High,San Mateo,102,90.27,95,84.07,89,78.76
Westmoor High,San Mateo,180,86.12,159,76.08,153,73.21
Design Tech High,San Mateo,84,94.44,74,83.33,75,83.33
Aragon High,San Mateo,222,89.92,199,80.65,194,78.23
Burlingame High,San Mateo,211,93.39,185,81.94,180,79.30
Capuchino High,San Mateo,144,81.36,107,60.45,102,57.63
Hillsdale High,San Mateo,200,90.91,176,80.00,173,78.64
Mills High,San Mateo,213,95.61,192,86.40,195,85.53
San Mateo High,San Mateo,201,89.33,174,77.33,168,74.67
Summit Preparatory Charter High,San Mateo,59,71.95,36,43.90,34,41.46
Everest Public High,San Mateo,27,71.05,23,60.53,22,57.89
East Palo Alto Academy,San Mateo,20,45.45,9,20.45,8,18.18
Carlmont High,San Mateo,382,95.26,361,90.02,353,88.03
Menlo-Atherton High,San Mateo,292,90.12,252,77.78,251,77.47